{"cameraMode":{"drawMode":0,"name":"Shaded","section":"Shading Mode"},"sceneLighting":true,"audioPlay":false,"sceneViewState":{"m_AlwaysRefresh":true,"showFog":true,"showSkybox":true,"showFlares":true,"showImageEffects":true,"showParticleSystems":true,"showVisualEffectGraphs":true,"m_FxEnabled":true},"in2DMode":false,"pivot":{"x":4.929678916931152,"y":5.019697189331055,"z":40.74123001098633},"rotation":{"x":-0.22526532411575318,"y":0.14463947713375092,"z":-0.033838577568531039,"w":-0.9629102349281311},"size":60.362403869628909,"orthographic":false}